"SourceFile","Link","PathUsedForMatching","Status","MatchedRoute","RouteFile"
"app\[...slug]\page.tsx","/","/","MATCHED_EXPLICIT","/","app\page.tsx"
"components\ContentPage.tsx","/","/","MATCHED_EXPLICIT","/","app\page.tsx"
"components\ContentPage.tsx","/support","/support","MATCHED_CATCH_ALL","/[...slug]","app\[...slug]\page.tsx"
"components\Footer.tsx","/","/","MATCHED_EXPLICIT","/","app\page.tsx"
"components\Footer.tsx","/about","/about","MATCHED_EXPLICIT","/about","app\about\page.tsx"
"components\Footer.tsx","/about/governance-leadership","/about/governance-leadership","MATCHED_CATCH_ALL","/[...slug]","app\[...slug]\page.tsx"
"components\Footer.tsx","/about/mandate","/about/mandate","MATCHED_CATCH_ALL","/[...slug]","app\[...slug]\page.tsx"
"components\Footer.tsx","/about/strategy-performance","/about/strategy-performance","MATCHED_CATCH_ALL","/[...slug]","app\[...slug]\page.tsx"
"components\Footer.tsx","/about/who-we-are","/about/who-we-are","MATCHED_CATCH_ALL","/[...slug]","app\[...slug]\page.tsx"
"components\Footer.tsx","/accreditation","/accreditation","MATCHED_CATCH_ALL","/[...slug]","app\[...slug]\page.tsx"
"components\Footer.tsx","/career-guidance","/career-guidance","MATCHED_CATCH_ALL","/[...slug]","app\[...slug]\page.tsx"
"components\Footer.tsx","/contact","/contact","MATCHED_CATCH_ALL","/[...slug]","app\[...slug]\page.tsx"
"components\Footer.tsx","/funding","/funding","MATCHED_CATCH_ALL","/[...slug]","app\[...slug]\page.tsx"
"components\Footer.tsx","/industries","/industries","MATCHED_EXPLICIT","/industries","app\industries\page.tsx"
"components\Footer.tsx","/industries/sic-code-finder","/industries/sic-code-finder","MATCHED_EXPLICIT","/industries/sic-code-finder","app\industries\sic-code-finder\page.tsx"
"components\Footer.tsx","/learning-programmes","/learning-programmes","MATCHED_CATCH_ALL","/[...slug]","app\[...slug]\page.tsx"
"components\Footer.tsx","/qualifications","/qualifications","MATCHED_CATCH_ALL","/[...slug]","app\[...slug]\page.tsx"
"components\Footer.tsx","/resources","/resources","MATCHED_CATCH_ALL","/[...slug]","app\[...slug]\page.tsx"
"components\Footer.tsx","/stakeholder-notices","/stakeholder-notices","MATCHED_EXPLICIT","/stakeholder-notices","app\stakeholder-notices\page.tsx"
"components\Footer.tsx","/support","/support","MATCHED_CATCH_ALL","/[...slug]","app\[...slug]\page.tsx"
"components\Header.tsx","/","/","MATCHED_EXPLICIT","/","app\page.tsx"
"components\Header.tsx","/i-want-to","/i-want-to","MATCHED_CATCH_ALL","/[...slug]","app\[...slug]\page.tsx"
"components\Header.tsx","/search","/search","MATCHED_CATCH_ALL","/[...slug]","app\[...slug]\page.tsx"
"components\Header.tsx","/support","/support","MATCHED_CATCH_ALL","/[...slug]","app\[...slug]\page.tsx"
"components\Hero.tsx","/funding","/funding","MATCHED_CATCH_ALL","/[...slug]","app\[...slug]\page.tsx"
"components\Hero.tsx","/industries/sic-code-finder","/industries/sic-code-finder","MATCHED_EXPLICIT","/industries/sic-code-finder","app\industries\sic-code-finder\page.tsx"
"components\Hero.tsx","/learning-programmes","/learning-programmes","MATCHED_CATCH_ALL","/[...slug]","app\[...slug]\page.tsx"
"components\Hero.tsx","/qualifications","/qualifications","MATCHED_CATCH_ALL","/[...slug]","app\[...slug]\page.tsx"
"components\Hero.tsx","/search","/search","MATCHED_CATCH_ALL","/[...slug]","app\[...slug]\page.tsx"
"components\IndustriesPage.tsx","/","/","MATCHED_EXPLICIT","/","app\page.tsx"
"components\IndustriesPage.tsx","/industries/sic-code-finder","/industries/sic-code-finder","MATCHED_EXPLICIT","/industries/sic-code-finder","app\industries\sic-code-finder\page.tsx"
"components\IndustriesPage.tsx","/support","/support","MATCHED_CATCH_ALL","/[...slug]","app\[...slug]\page.tsx"
"components\LatestNews.tsx","/stakeholder-notices","/stakeholder-notices","MATCHED_EXPLICIT","/stakeholder-notices","app\stakeholder-notices\page.tsx"
"components\NewsArticlePage.tsx","/stakeholder-notices","/stakeholder-notices","MATCHED_EXPLICIT","/stakeholder-notices","app\stakeholder-notices\page.tsx"
"components\NewsroomHero.tsx","/","/","MATCHED_EXPLICIT","/","app\page.tsx"
"components\NewsroomHero.tsx","/stakeholder-notices","/stakeholder-notices","MATCHED_EXPLICIT","/stakeholder-notices","app\stakeholder-notices\page.tsx"
"components\NewsroomPage.tsx","/stakeholder-notices","/stakeholder-notices","MATCHED_EXPLICIT","/stakeholder-notices","app\stakeholder-notices\page.tsx"
"components\Pathways.tsx","/stakeholders","/stakeholders","MATCHED_CATCH_ALL","/[...slug]","app\[...slug]\page.tsx"
"components\SicCode.tsx","/","/","MATCHED_EXPLICIT","/","app\page.tsx"
"components\SicCode.tsx","/industries","/industries","MATCHED_EXPLICIT","/industries","app\industries\page.tsx"
"components\Updates.tsx","/calendar","/calendar","MATCHED_CATCH_ALL","/[...slug]","app\[...slug]\page.tsx"
"components\Updates.tsx","/contact","/contact","MATCHED_CATCH_ALL","/[...slug]","app\[...slug]\page.tsx"
"components\Updates.tsx","/stakeholder-notices","/stakeholder-notices","MATCHED_EXPLICIT","/stakeholder-notices","app\stakeholder-notices\page.tsx"
"components\Updates.tsx","/support","/support","MATCHED_CATCH_ALL","/[...slug]","app\[...slug]\page.tsx"
"data\homeData.ts","/accreditation","/accreditation","MATCHED_CATCH_ALL","/[...slug]","app\[...slug]\page.tsx"
"data\homeData.ts","/contact","/contact","MATCHED_CATCH_ALL","/[...slug]","app\[...slug]\page.tsx"
"data\homeData.ts","/funding","/funding","MATCHED_CATCH_ALL","/[...slug]","app\[...slug]\page.tsx"
"data\homeData.ts","/funding/mandatory-grants","/funding/mandatory-grants","MATCHED_CATCH_ALL","/[...slug]","app\[...slug]\page.tsx"
"data\homeData.ts","/industries/sic-code-finder","/industries/sic-code-finder","MATCHED_EXPLICIT","/industries/sic-code-finder","app\industries\sic-code-finder\page.tsx"
"data\homeData.ts","/learning-programmes","/learning-programmes","MATCHED_CATCH_ALL","/[...slug]","app\[...slug]\page.tsx"
"data\homeData.ts","/qualifications","/qualifications","MATCHED_CATCH_ALL","/[...slug]","app\[...slug]\page.tsx"
"data\homeData.ts","/resources","/resources","MATCHED_CATCH_ALL","/[...slug]","app\[...slug]\page.tsx"
"data\homeData.ts","/stakeholder-notices","/stakeholder-notices","MATCHED_EXPLICIT","/stakeholder-notices","app\stakeholder-notices\page.tsx"
"data\homeData.ts","/stakeholders/employers-sdfs","/stakeholders/employers-sdfs","MATCHED_CATCH_ALL","/[...slug]","app\[...slug]\page.tsx"
"data\homeData.ts","/stakeholders/government-public-entities","/stakeholders/government-public-entities","MATCHED_CATCH_ALL","/[...slug]","app\[...slug]\page.tsx"
"data\homeData.ts","/stakeholders/learners","/stakeholders/learners","MATCHED_CATCH_ALL","/[...slug]","app\[...slug]\page.tsx"
"data\homeData.ts","/stakeholders/skills-development-providers","/stakeholders/skills-development-providers","MATCHED_CATCH_ALL","/[...slug]","app\[...slug]\page.tsx"
"data\homeData.ts","/support","/support","MATCHED_CATCH_ALL","/[...slug]","app\[...slug]\page.tsx"
"data\homeData.ts","/systems","/systems","MATCHED_CATCH_ALL","/[...slug]","app\[...slug]\page.tsx"
"data\industries.ts","/resources","/resources","MATCHED_CATCH_ALL","/[...slug]","app\[...slug]\page.tsx"
"data\navigation.ts","/about","/about","MATCHED_EXPLICIT","/about","app\about\page.tsx"
"data\navigation.ts","/accreditation","/accreditation","MATCHED_CATCH_ALL","/[...slug]","app\[...slug]\page.tsx"
"data\navigation.ts","/career-guidance","/career-guidance","MATCHED_CATCH_ALL","/[...slug]","app\[...slug]\page.tsx"
"data\navigation.ts","/funding","/funding","MATCHED_CATCH_ALL","/[...slug]","app\[...slug]\page.tsx"
"data\navigation.ts","/industries","/industries","MATCHED_EXPLICIT","/industries","app\industries\page.tsx"
"data\navigation.ts","/learning-programmes","/learning-programmes","MATCHED_CATCH_ALL","/[...slug]","app\[...slug]\page.tsx"
"data\navigation.ts","/qualifications","/qualifications","MATCHED_CATCH_ALL","/[...slug]","app\[...slug]\page.tsx"
"data\navigation.ts","/resources","/resources","MATCHED_CATCH_ALL","/[...slug]","app\[...slug]\page.tsx"
"data\navigation.ts","/stakeholder-notices","/stakeholder-notices","MATCHED_EXPLICIT","/stakeholder-notices","app\stakeholder-notices\page.tsx"
"data\pages.ts","/about/governance-leadership","/about/governance-leadership","MATCHED_CATCH_ALL","/[...slug]","app\[...slug]\page.tsx"
"data\pages.ts","/about/mandate","/about/mandate","MATCHED_CATCH_ALL","/[...slug]","app\[...slug]\page.tsx"
"data\pages.ts","/about/strategy-performance","/about/strategy-performance","MATCHED_CATCH_ALL","/[...slug]","app\[...slug]\page.tsx"
"data\pages.ts","/about/who-we-are","/about/who-we-are","MATCHED_CATCH_ALL","/[...slug]","app\[...slug]\page.tsx"
"data\pages.ts","/accreditation","/accreditation","MATCHED_CATCH_ALL","/[...slug]","app\[...slug]\page.tsx"
"data\pages.ts","/career-guidance","/career-guidance","MATCHED_CATCH_ALL","/[...slug]","app\[...slug]\page.tsx"
"data\pages.ts","/contact","/contact","MATCHED_CATCH_ALL","/[...slug]","app\[...slug]\page.tsx"
"data\pages.ts","/funding","/funding","MATCHED_CATCH_ALL","/[...slug]","app\[...slug]\page.tsx"
"data\pages.ts","/funding/mandatory-grants","/funding/mandatory-grants","MATCHED_CATCH_ALL","/[...slug]","app\[...slug]\page.tsx"
"data\pages.ts","/industries","/industries","MATCHED_EXPLICIT","/industries","app\industries\page.tsx"
"data\pages.ts","/industries/sic-code-finder","/industries/sic-code-finder","MATCHED_EXPLICIT","/industries/sic-code-finder","app\industries\sic-code-finder\page.tsx"
"data\pages.ts","/learning-programmes","/learning-programmes","MATCHED_CATCH_ALL","/[...slug]","app\[...slug]\page.tsx"
"data\pages.ts","/qualifications","/qualifications","MATCHED_CATCH_ALL","/[...slug]","app\[...slug]\page.tsx"
"data\pages.ts","/resources","/resources","MATCHED_CATCH_ALL","/[...slug]","app\[...slug]\page.tsx"
"data\pages.ts","/stakeholder-notices","/stakeholder-notices","MATCHED_EXPLICIT","/stakeholder-notices","app\stakeholder-notices\page.tsx"
"data\pages.ts","/stakeholders","/stakeholders","MATCHED_CATCH_ALL","/[...slug]","app\[...slug]\page.tsx"
"data\pages.ts","/stakeholders/employers-sdfs","/stakeholders/employers-sdfs","MATCHED_CATCH_ALL","/[...slug]","app\[...slug]\page.tsx"
"data\pages.ts","/stakeholders/government-public-entities","/stakeholders/government-public-entities","MATCHED_CATCH_ALL","/[...slug]","app\[...slug]\page.tsx"
"data\pages.ts","/stakeholders/learners","/stakeholders/learners","MATCHED_CATCH_ALL","/[...slug]","app\[...slug]\page.tsx"
"data\pages.ts","/stakeholders/skills-development-providers","/stakeholders/skills-development-providers","MATCHED_CATCH_ALL","/[...slug]","app\[...slug]\page.tsx"
"data\pages.ts","/support","/support","MATCHED_CATCH_ALL","/[...slug]","app\[...slug]\page.tsx"
"data\pages.ts","/systems","/systems","MATCHED_CATCH_ALL","/[...slug]","app\[...slug]\page.tsx"
